nombre,precio_actual,precio_original,descuento,valoracion,plataforma,fecha,precio_actual_num,precio_original_num,descuento_pct,fecha_extraccion,anio,mes,dia
"Ordenador portátil 14 pulgadas Dual-Core hasta 2,6 GHz • 6 GB RAM • 128 GB SSD • UHD portatil • WiFi 5G • Mini-HDMI • Teclado membrana • Diseño sin ventilador • Color plateado • Ratón incluido","200,.99",,,"3,4 de 5 estrellas",Amazon,2026-04-19 18:13,200.99,,,2026-04-19 18:13:00,2026,4,19
"PINSTONE Ordenador Portátil de 14 Pulgadas Celeron N4000, Computadora Portátiles 6 GB RAM 128 GB SSD, PC Portátiles con 2,4 G/5 G WiFi, Bluetooth, Estudiantil Laptop Larga Vida útil de la Batería.","209,.00",,,"4,8 de 5 estrellas",Amazon,2026-04-19 18:13,209.0,,,2026-04-19 18:13:00,2026,4,19
"Tunhail Ordenador Portatil 15,6 Pulgadas, PC Portatil con Celeron N4000 hasta 2,6 GHz, 8GB DDR4 256GB SSD, Laptop Pantalla IPS FHD 1920 * 1080 Convertible 180°, WiFi 5, Mini HDMI","239,.99",,,"5,0 de 5 estrellas",Amazon,2026-04-19 18:13,239.99,,,2026-04-19 18:13:00,2026,4,19
"15.6 Pulgadas Ordenador Portatil, Win 11 PC Portátil Celeron N4000 CPU, Portátil con 8GB LPDDR4 256GB SSD, 1920*1080 IPS FHD Pantalla Laptop, TF Card Slot expansión hasta 1 TB, Mini HDMI+BT4.2","249,.99",,,,Amazon,2026-04-19 18:13,249.99,,,2026-04-19 18:13:00,2026,4,19
"BMAX Ordenador Portátil 15.6"" FHD Celeron N95 Upto 3,4 GHz Portatiles 12GB RAM 512GB SSD LPDDR5 Laptop, Win 11 PC Portátil 5G WiFi Notebook BT5.0, USB 3.2x2, Protege el Teclado Español","256,.49","289,99 €",,"4,6 de 5 estrellas",Amazon,2026-04-19 18:13,256.49,289.99,11.55,2026-04-19 18:13:00,2026,4,19
"ASUS Chromebook CX1505CTA - Ordenador Portátil 15.6"" Full HD (Intel N50, 4GB RAM, 128GB eMMC, ChromeOS) QWERTY Funda y ratón incluidos +3 Meses de Google AI Pro con Gemini Pro y 2TB de Almacenamiento","259,.00",,,"4,2 de 5 estrellas",Amazon,2026-04-19 18:13,259.0,,,2026-04-19 18:13:00,2026,4,19
"Ordenador Portátil 15,6 pulgadas 8 GB RAM 256 GB SSD N4000 Procesador Pantalla IPS Full HD Win 11 WiFi 5 BT Mini HDMI Laptop Bisagra de 180 Grados Peso Ligero de 1,6 kg para Estudiantes y Empresas.","259,.99",,,"4,3 de 5 estrellas",Amazon,2026-04-19 18:13,259.99,,,2026-04-19 18:13:00,2026,4,19
"FUNYET Ordenador Portátil, 16 GB de RAM y 256 GB de SSD,Nuevo Laptop de 15,6 Pulgadas de 2026, Pentium Gold 4425Y Portátil,IPS FHD 1920 x 1080,5000 mAh，Teclado numérico，WiFi5","261,.72","275,49 €",,"5,0 de 5 estrellas",Amazon,2026-04-19 18:13,261.72,275.49,5.0,2026-04-19 18:13:00,2026,4,19
"FUNYET Ordenador Portátil, 16 GB de RAM y 256 GB de SSD,2026 Nuevo Laptop de 15,6 Pulgadas, Pentium Gold 4425Y Portátil,IPS FHD 1920 x 1080 Notebook,5000 mAh,Teclado numérico,WiFi5","284,.99","299,99 €",,,Amazon,2026-04-19 18:13,284.99,299.99,5.0,2026-04-19 18:13:00,2026,4,19
"15.6 Pulgadas Ordenador Portatil, Procesador N95 hasta 3.4 GHz, Portatil con 16GB RAM 512GB SSD, 1920 * 1080 IPS FHD Pantalla Laptop, BT5.0, USB 3.2, HDMI y Tipo C, WIFI5.0","289,.99",,,"4,4 de 5 estrellas",Amazon,2026-04-19 18:13,289.99,,,2026-04-19 18:13:00,2026,4,19
"HP 15-fd0261ns - Ordenador portátil de 15.6"" FHD (Intel N100, 4GB RAM, 128GB UFS, Intel UHD, Windows 11) Plata - Teclado QWERTY Español - Incluye Microsoft 365 Personal 12 Meses","299,.00","349,00 €",,"4,2 de 5 estrellas",Amazon,2026-04-19 18:13,299.0,349.0,14.33,2026-04-19 18:13:00,2026,4,19
"HP EliteBook 840 G6, FHD, Intel Core i5 8265U, 16 GB RAM, 512 GB SSD, Intel UHD Graphics, Windows 11 (Reacondicionado) Bolsa Cybersnap","331,.00",,,"3,5 de 5 estrellas",Amazon,2026-04-19 18:13,331.0,,,2026-04-19 18:13:00,2026,4,19
"Ordenador Portátil Ultraligero 15.6"" FHD Core i5-8210Y (hasta 3.6GHz) 24GB RAM 512GB SSD + Ampliable a 1TB WiFi 5 Bluetooth 5.0 HDMI Bisagra 180° Win 11 Pro deal para Estudiantes Teletrabajo y Oficina","369,.99",,,"4,8 de 5 estrellas",Amazon,2026-04-19 18:13,369.99,,,2026-04-19 18:13:00,2026,4,19
"Portátil 16 pulgadas 2026, 16GB RAM, SSD 1TB, ordenador portátil N150 3,6 GHz, Win 11 Pro, resolución 1920 x 1200 píxeles, 6000 mAh, teclado retroiluminado - Para estudiantes, oficina y negocios","389,.99","999,99 €",,"5,0 de 5 estrellas",Amazon,2026-04-19 18:13,389.99,999.99,61.0,2026-04-19 18:13:00,2026,4,19
"Lenovo IdeaPad Slim 3 Gen 8 – Ordenador Portátil 15.6'' FHD (Intel Core i3-N305, Intel UHD Graphics, 8 GB RAM, 256 GB SSD, Wi-Fi 6, Win 11 Home, Office Trial) Teclado QWERTY Español - Azul Abismo","449,.00","479,00 €",,"4,4 de 5 estrellas",Amazon,2026-04-19 18:13,449.0,479.0,6.26,2026-04-19 18:13:00,2026,4,19
"acer Aspire Go 15 AG15-42P, Ordenador Portátil 15.6"" Full HD (AMD Ryzen 5 5625U, 16 GB RAM, 512 GB SSD, AMD Radeon Graphics, Windows 11 Home), Plata, Teclado QWERTY Español","499,.00","549,00 €",,"5,0 de 5 estrellas",Amazon,2026-04-19 18:13,499.0,549.0,9.11,2026-04-19 18:13:00,2026,4,19
"HP - Ordenador portátil de 15.6"" FHD (AMD Ryzen 5-7520U, 16 GB RAM, 1TB SSD, AMD Radeon Graphics, Sin Sistema operativo) Plata y Azul - Teclado QWERTY Español","499,.00","549,00 €",,"3,8 de 5 estrellas",Amazon,2026-04-19 18:13,499.0,549.0,9.11,2026-04-19 18:13:00,2026,4,19
"HP 15-fd0404ns - Ordenador portátil de 15.6"" FHD (Intel Core 5 120U, 16GB RAM, 512GB SSD, Intel Graphics, FreeDos) Silver - Teclado QWERTY Español","499,.00","599,00 €",,"3,5 de 5 estrellas",Amazon,2026-04-19 18:13,499.0,599.0,16.69,2026-04-19 18:13:00,2026,4,19
"ASUS Vivobook Go 15 E1504FA - Ordenador Portátil 15.6inch Full HD (Windows 11 home, AMD Ryzen 5 7520U, 16GB RAM, 512GB SSD, Radeon 610M) Plata fría - teclado QWERTY Español","549,.00",,,"2,9 de 5 estrellas",Amazon,2026-04-19 18:13,549.0,,,2026-04-19 18:13:00,2026,4,19
"ASUS Vivobook 15 F1504VA-BQ128W - Ordenador Portátil 15.6"" Full HD (Windows 11 Home,Intel Core 5 120U, 16GB RAM, 1TB SSD, Graphics,) Azul Tranquilo - Teclado QWERTY español","585,.66","649,00 €",,"4,4 de 5 estrellas",Amazon,2026-04-19 18:13,585.66,649.0,9.76,2026-04-19 18:13:00,2026,4,19
"Lenovo IdeaPad Slim 3 Gen 10 – Ordenador Portátil 15.3"" WUXGA (Intel Core i5-13420H, 16 GB RAM, 512 GB SSD, Gráficos Intel UHD, Wi-Fi 6, Windows 11 Home) Teclado QWERTY Español - Gris Luna","599,.00","679,00 €",,"4,7 de 5 estrellas",Amazon,2026-04-19 18:13,599.0,679.0,11.78,2026-04-19 18:13:00,2026,4,19
"ACEMAGIC Ordenador Portátil Ryzen 7 5825U hasta 4.5 GHz, 15.6"" Portatil Gaming 16GB RAM 1TB SSD, Expansión 4TB, 1080 FHD, WiFi 6, BT 5.2, Tipo-C, USB 3.2, HDMI, Laptop Teclado QWERTY Español, Gris","599,.99",,,"4,8 de 5 estrellas",Amazon,2026-04-19 18:13,599.99,,,2026-04-19 18:13:00,2026,4,19
"HP 15-fc0240ns - Ordenador portátil de 15.6"" FHD (AMD Ryzen 7-7730U, 32 GB RAM, 1TB SSD, AMD Radeon Graphics, Sin Sistema operativo) Plata - Teclado QWERTY Español","629,.00","699,00 €",,"4,3 de 5 estrellas",Amazon,2026-04-19 18:13,629.0,699.0,10.01,2026-04-19 18:13:00,2026,4,19
"HP 15-fc0243ns - Ordenador portátil de 15.6"" FHD (AMD Ryzen 7-7730U, 32 GB RAM, 1TB SSD, AMD Radeon Graphics, Windows 11) Plata y Azul - Teclado QWERTY Español","719,.00","799,00 €",,"4,4 de 5 estrellas",Amazon,2026-04-19 18:13,719.0,799.0,10.01,2026-04-19 18:13:00,2026,4,19
"Portátil HP 250 G9 15.6"" Intel Celeron N4500 8GB 256GB SSD UHD Graphics FreeDOS","269,99€",1.199€,,,PcComponentes,2026-04-19 18:13,269.99,1199.0,77.48,2026-04-19 18:13:00,2026,4,19
"Portátil HP 15-fd0277ns 15.6"" FHD Intel Core i3-N305 8GB RAM 512GB SSD Windows 11, Azul",429€,428€,,,PcComponentes,2026-04-19 18:13,429.0,428.0,,2026-04-19 18:13:00,2026,4,19
"Portátil Acer Aspire Go 15,6"" AMD Ryzen 5 7430U 8GB 512GB SSD Radeon Graphics Windows 11 Home",429€,2.199€,,,PcComponentes,2026-04-19 18:13,429.0,2199.0,80.49,2026-04-19 18:13:00,2026,4,19
"ASUS Vivobook Go 15 E1504FA-BQ2447 AMD Ryzen 5 7520U/16GB/512GB SSD/15.6""","444,99€",499€,,,PcComponentes,2026-04-19 18:13,444.99,499.0,10.82,2026-04-19 18:13:00,2026,4,19
"Portátil Lenovo IdeaPad Slim 3 15AMN8 15,6"" AMD Ryzen 5 7520U 16GB 512GB SSD Azul",449€,499€,,,PcComponentes,2026-04-19 18:13,449.0,499.0,10.02,2026-04-19 18:13:00,2026,4,19
Acer Aspire Go 15 AG15-42P-R26T 15.6″ AMD Ryzen 7 5825U 16GB 512GB SSD FHD Wi-Fi 6 Plata,"469,99€",549€,,,PcComponentes,2026-04-19 18:13,469.99,549.0,14.39,2026-04-19 18:13:00,2026,4,19
"Portátil Alurin Flex Advance AMD Ryzen 7-5825U 15.6""/ 16GB/500GB/Windows 11 Home","509,99€","644,99€",,,PcComponentes,2026-04-19 18:13,509.99,644.99,20.93,2026-04-19 18:13:00,2026,4,19
"Portátil Lenovo IdeaPad Slim 3 15IRH10 15,3"" Intel Core i5-13420H 16GB 1TB SSD Intel UHD Graphics",539€,579€,,,PcComponentes,2026-04-19 18:13,539.0,579.0,6.91,2026-04-19 18:13:00,2026,4,19
"Portátil HP 15-fd0278ns 15.6"" Intel Core i5-1334U 16GB RAM 512GB SSD FHD Plata Windows 11",559€,649€,,,PcComponentes,2026-04-19 18:13,559.0,649.0,13.87,2026-04-19 18:13:00,2026,4,19
Portátil ASUS ExpertBook P1503CVA-S70671 15.6″ Intel Core i5-13420H 16 GB 512GB Gris WiFi 6 UHD Windows 11,"593,23€",549€,,,PcComponentes,2026-04-19 18:13,593.23,549.0,,2026-04-19 18:13:00,2026,4,19
"Samsung Galaxy Book4 15 Intel Core i5-1335U/16GB/512GB SSD/15.6""",609€,499€,,,PcComponentes,2026-04-19 18:13,609.0,499.0,,2026-04-19 18:13:00,2026,4,19
"Portátil Lenovo IdeaPad Slim 3 15IRH10 15,3"" Intel Core i5-13420H 16GB 1TB SSD Windows 11 Home",639€,699€,,,PcComponentes,2026-04-19 18:13,639.0,699.0,8.58,2026-04-19 18:13:00,2026,4,19
"Portátil Asus Vivobook 15 F1504VA-BQ305W 15.6"" Intel Core 7 150U 16GB 1TB SSD Intel Graphics Windows 11 Home",699€,749€,,,PcComponentes,2026-04-19 18:13,699.0,749.0,6.68,2026-04-19 18:13:00,2026,4,19
"Portátil Lenovo IdeaPad Slim 3 15IRH10 15,3"" Intel Core i7-13620H 16GB 1TB SSD Windows 11 Home",749€,849€,,,PcComponentes,2026-04-19 18:13,749.0,849.0,11.78,2026-04-19 18:13:00,2026,4,19
"Portátil HP Victus 15-fb3030ns 15.6"" AMD Ryzen 5 8645HS 16GB 512GB SSD RTX 4050 6GB Azul",779€,999€,,,PcComponentes,2026-04-19 18:13,779.0,999.0,22.02,2026-04-19 18:13:00,2026,4,19
"Apple Macbook Air M4 10 Núcleos/16 GB/256 GB SSD/GPU 8 Núcleos/13.6"" Medianoche",929€,799€,,,PcComponentes,2026-04-19 18:13,929.0,799.0,,2026-04-19 18:13:00,2026,4,19
"Apple Macbook Air Apple M4 10 Núcleos/16 GB/256GB SSD/GPU 8 Núcleos/13.6"" Azul Cielo","989,01€",1.179€,,,PcComponentes,2026-04-19 18:13,989.01,1179.0,16.11,2026-04-19 18:13:00,2026,4,19
"MSI Cyborg 15 B2RWFKG-201XES Intel Core 7 240H 32GB DDR5 1TB SSD RTX 5060 15.6"" FHD RGB",1.149€,1.999€,,,PcComponentes,2026-04-19 18:13,1149.0,1999.0,42.52,2026-04-19 18:13:00,2026,4,19
"Portátil Lenovo Legion 5 15AHP10 15.3"" AMD Ryzen 7 260 32GB 1TB SSD RTX 5060 Negro",1.199€,1.499€,,,PcComponentes,2026-04-19 18:13,1199.0,1499.0,20.01,2026-04-19 18:13:00,2026,4,19
"Apple Macbook Air Apple M4 10 Núcleos/16 GB/512GB SSD/GPU 10 Núcleos/13.6"" Blanco Estrella",1.219€,1.449€,,,PcComponentes,2026-04-19 18:13,1219.0,1449.0,15.87,2026-04-19 18:13:00,2026,4,19
"Portátil Lenovo Legion 5 15AHP10 15.1"" AMD Ryzen 7 260 32GB 1TB SSD RTX 5060 OLED Negro",1.299€,1.699€,,,PcComponentes,2026-04-19 18:13,1299.0,1699.0,23.54,2026-04-19 18:13:00,2026,4,19
"ASUS TUF Gaming FX608JMR-RV003 Intel Core i7-14650HX/32GB/1TB SSD/RTX 5060/16""",1.299€,1.599€,,,PcComponentes,2026-04-19 18:13,1299.0,1599.0,18.76,2026-04-19 18:13:00,2026,4,19
"PcCom Revolt 5060 Intel Core i7-14650HX 16"" /16GB/500GB/Windows Home","1.299,99€","1.799,99€",,,PcComponentes,2026-04-19 18:13,1299.99,1799.99,27.78,2026-04-19 18:13:00,2026,4,19
"HP OMEN 16-ap0007ns AMD Ryzen AI 7 350 32GB 1TB SSD RTX 5070 8GB 16""",1.399€,1.799€,,,PcComponentes,2026-04-19 18:13,1399.0,1799.0,22.23,2026-04-19 18:13:00,2026,4,19
"Portátil MSI Cyborg 17 B2RWGKG-075XES 17.3"" Intel Core 9 270H 32GB 1TB SSD RTX 5070 QHD RGB",1.599€,2.349€,,,PcComponentes,2026-04-19 18:13,1599.0,2349.0,31.93,2026-04-19 18:13:00,2026,4,19
